filename,psnr,ssim
0001_0.8_0.2.jpg,20.023640306413732,0.9071608407265388
0002_0.8_0.08.jpg,18.69004169980893,0.8392472859752598
0003_0.8_0.2.jpg,20.098008751295943,0.9253278628513769
0004_0.9_0.12.jpg,22.722733501365795,0.9389345851967418
0006_0.85_0.08.jpg,21.03506298800172,0.8709371510382584
0007_0.9_0.16.jpg,23.152262938584585,0.8787715895262029
0009_0.8_0.16.jpg,18.896208768253302,0.8350458964657893
0010_0.95_0.16.jpg,17.934939632145685,0.7798596317099805
0011_0.95_0.16.jpg,23.170384791940105,0.8541570661264775
0014_0.8_0.12.jpg,19.501257957129194,0.90758572432546
0016_0.8_0.08.jpg,17.57902775992329,0.85133862736748
0017_0.9_0.08.jpg,20.203424233334935,0.8972397888477195
0018_0.9_0.2.jpg,23.62793741422714,0.9070611222599759
0019_0.8_0.16.jpg,19.839684904252884,0.8802341231999745
0021_0.8_0.08.jpg,18.02054396581375,0.893858910353201
0022_0.8_0.08.jpg,17.533543556600993,0.8536790812006063
0023_0.85_0.12.jpg,24.174868886895126,0.9024254931473439
0024_0.85_0.08.jpg,22.99810311901858,0.8604746469262556
0025_0.8_0.16.jpg,20.561313463803547,0.8725101361450331
0026_0.95_0.08.jpg,24.94916339833235,0.9193142330496916
0029_0.85_0.08.jpg,20.98572890635606,0.8972746533540548
0030_0.95_0.12.jpg,24.519741703604918,0.9127740264624354
0033_0.85_0.08.jpg,17.7886436336699,0.8808212483251457
0034_0.9_0.16.jpg,25.193349241292722,0.9244449819355639
0036_1_0.08.jpg,20.300084461342355,0.9148227943470658
0039_0.9_0.2.jpg,22.871205550755672,0.8715349607042153
0040_1_0.08.jpg,21.454088685695222,0.910884043085059
0042_0.8_0.2.jpg,18.810268198291812,0.8891081923636702
0045_0.8_0.16.jpg,17.636146549762678,0.906003010555006
0046_0.9_0.16.jpg,22.36800613290306,0.898822143511632
0047_0.9_0.12.jpg,23.11425825753277,0.9081379538251834
0048_0.9_0.2.jpg,20.364144400212933,0.885345929498401
0049_0.85_0.12.jpg,18.647982420159998,0.8832915880171869
0051_0.8_0.2.jpg,20.218887254937528,0.8724076241435333
0051_0.95_0.12.jpg,25.688642638491835,0.9136649843461253
0052_0.9_0.16.jpg,21.76712722781209,0.8819592566443827
0053_0.9_0.12.jpg,22.56288696835997,0.8839191700635302
0054_0.85_0.16.jpg,21.454054500157085,0.8913022947787473
0055_0.85_0.12.jpg,19.39174537105074,0.8737172987026093
0056_0.8_0.16.jpg,19.72094651021198,0.8980826488947566
0057_0.8_0.12.jpg,16.70018924374978,0.9067393562370388
0058_0.8_0.2.jpg,21.078355914933464,0.8644848457980925
0059_0.9_0.12.jpg,23.58367778136158,0.9271046367169952
0060_0.9_0.2.jpg,21.432300921588098,0.8367768864432344
0061_0.8_0.2.jpg,19.79548701106991,0.8841914624949171
0062_0.9_0.2.jpg,15.991927774413393,0.8008036986645474
0063_0.8_0.16.jpg,19.37900278867144,0.839559561676826
0064_0.8_0.2.jpg,18.951115371681073,0.8473224303679722
0065_0.9_0.12.jpg,22.198865098084546,0.8915231336384716
0066_1_0.08.jpg,18.92554427618596,0.9285643093168631
0068_1_0.16.jpg,21.058233775299993,0.8824921930371454
0069_0.9_0.16.jpg,24.05756576925688,0.9273577316516616
0070_0.9_0.12.jpg,22.58083793334088,0.9184341854591284
0071_0.8_0.2.jpg,19.88355295569424,0.8976160446842726
0072_0.9_0.2.jpg,21.893632857741675,0.8733130943067162
0073_0.8_0.16.jpg,19.875602892880888,0.738137203081779
0074_0.8_0.2.jpg,20.62176820842804,0.8043551756663786
0075_0.8_0.2.jpg,18.887543057350538,0.8771885661815082
0076_0.8_0.2.jpg,21.365601431461748,0.866241540270592
0076_1_0.16.jpg,23.877485671999857,0.9027221728230298
0077_0.8_0.2.jpg,20.674040351241377,0.8382784736558312
0079_0.8_0.12.jpg,19.283110959791408,0.8724396980289462
0081_0.8_0.2.jpg,19.77110798489765,0.9205486132276111
0082_0.85_0.16.jpg,21.476630861987598,0.9098807900379615
0083_0.85_0.12.jpg,19.380712344395864,0.9137769335788031
0084_0.95_0.16.jpg,23.167849785467585,0.8762256028161536
0085_0.95_0.08.jpg,23.431431136242992,0.9017304620243717
0086_0.8_0.2.jpg,20.576654553714704,0.8494790925113692
0086_0.95_0.12.jpg,24.488092797008576,0.9029677198387686
0087_0.9_0.16.jpg,21.528291553018594,0.8921685991082161
0088_0.9_0.12.jpg,24.476838660301166,0.8992601943926251
0089_0.9_0.2.jpg,20.90643802235002,0.8775531820289443
0090_0.85_0.12.jpg,19.876264391325044,0.9217170328496773
0091_0.85_0.2.jpg,22.168736449854297,0.9104238202062663
0092_0.85_0.2.jpg,22.192214866896517,0.9029553180397477
0093_0.8_0.08.jpg,16.197834458907572,0.8742276637964664
0094_0.8_0.2.jpg,20.09369999960713,0.8839037939850306
0095_0.8_0.08.jpg,18.458156849961608,0.8796285850954503
0096_0.8_0.2.jpg,18.448809065557704,0.8792120700955022
0097_0.85_0.08.jpg,18.484688202201674,0.9048809465739626
0098_0.85_0.2.jpg,19.342664208374075,0.8500108857806712
0099_0.9_0.16.jpg,23.074559690348547,0.8862485670634971
0100_0.9_0.12.jpg,22.21753162438175,0.912637307982976
0101_0.9_0.08.jpg,19.919295892567273,0.8712005141262583
0102_0.85_0.12.jpg,19.497748548582205,0.9038291935463415
0104_0.95_0.12.jpg,25.78565353234604,0.8744013095343139
0105_0.95_0.2.jpg,22.35489923957642,0.9067406368348269
0106_0.9_0.08.jpg,18.747337230063703,0.8957371345564124
0107_0.9_0.08.jpg,18.647066179114926,0.9221975249198516
0108_0.8_0.16.jpg,20.850808260414194,0.8179430136854382
0108_1_0.2.jpg,15.829890054785844,0.740524166067091
0109_0.85_0.08.jpg,18.753467558112476,0.8894986555903944
0110_0.8_0.12.jpg,18.38050551987389,0.8846411961395493
0111_0.8_0.2.jpg,19.436396454940596,0.8134805733928948
0112_0.8_0.2.jpg,19.04719491025243,0.9225958183281856
0113_0.9_0.08.jpg,24.500217610636472,0.8231448184623078
0115_0.8_0.12.jpg,20.569999832764886,0.8800379719000513
0116_0.9_0.16.jpg,20.133472856218223,0.8853107125685953
0117_0.9_0.12.jpg,20.94848668456504,0.9375894034846318
0118_0.9_0.2.jpg,21.376176482067187,0.8688618997242367
0119_0.85_0.12.jpg,21.03809778629284,0.9076874017181966
0120_0.85_0.08.jpg,16.549906828688876,0.8847351548354973
0121_0.85_0.2.jpg,22.12276262902392,0.9035254107507668
0123_1_0.08.jpg,27.612594871495144,0.8715222441844394
0125_0.8_0.12.jpg,17.348853972466337,0.8697391219698436
0126_0.8_0.2.jpg,19.82322204922267,0.8876843902593139
0127_0.8_0.2.jpg,18.55662321237835,0.8938022181202973
0129_0.8_0.16.jpg,20.15370666130678,0.8624426904576374
0131_0.95_0.08.jpg,22.601721548063132,0.8672410744550433
0132_1_0.08.jpg,22.917612553343435,0.9216233811687763
0133_1_0.2.jpg,16.737788453178165,0.8521156192697994
0134_0.95_0.16.jpg,26.199767620726384,0.8997776653806223
0135_0.95_0.12.jpg,26.772631716416377,0.9369302020144054
0137_0.8_0.2.jpg,20.8277387462571,0.878777920465532
0138_0.9_0.08.jpg,20.887278229500982,0.9116382499242945
0139_0.85_0.12.jpg,21.16255916687794,0.9132030364170026
0140_0.95_0.12.jpg,21.600072778754118,0.9093788613792787
0141_0.95_0.12.jpg,22.980903369972566,0.8965739391394284
0142_0.95_0.08.jpg,22.558866105359677,0.9113122921281908
0143_1_0.2.jpg,14.236320310592973,0.7497935271025639
0145_0.8_0.12.jpg,19.402701900316707,0.902621256407628
0146_0.8_0.2.jpg,20.07684476150402,0.8238008775516102
0147_1_0.16.jpg,20.637773818773088,0.8403832668725583
0148_0.9_0.12.jpg,26.30662770935807,0.917849986189604
0149_0.9_0.08.jpg,21.787761550856594,0.8964955503985393
0150_0.8_0.16.jpg,17.418212801194255,0.9141860420901611
0151_0.8_0.08.jpg,17.5763573341813,0.8589573688691132
0152_0.8_0.2.jpg,18.846740162921154,0.9192450865630386
0153_0.8_0.08.jpg,19.080345828341876,0.866029546121021
0154_0.8_0.2.jpg,18.403488913187992,0.816399321248079
0155_1_0.08.jpg,20.50837588127991,0.9140918351143315
0157_0.8_0.08.jpg,18.29152137126056,0.8779965029563995
0158_0.8_0.2.jpg,18.90092459253481,0.7883198416172501
0160_0.9_0.2.jpg,24.14813287786949,0.9397112620845087
0161_0.85_0.08.jpg,18.252385596457415,0.89152144328126
0162_0.95_0.12.jpg,22.17814736918971,0.930183488916782
0163_0.95_0.08.jpg,19.238924576990268,0.8853720498971128
0164_0.9_0.2.jpg,19.096115464806456,0.8356199475969422
0165_0.9_0.2.jpg,19.25244665421449,0.8069255407126481
0166_0.8_0.16.jpg,19.73958040289383,0.8487474338794877
0167_0.8_0.12.jpg,21.674307206006247,0.8846965847584111
0168_0.9_0.16.jpg,21.641931116142686,0.8702206453299827
0169_0.9_0.12.jpg,23.89970253516827,0.8711972267539401
0170_0.8_0.2.jpg,18.928411446222004,0.7743638903995134
0171_0.85_0.12.jpg,23.014915679202264,0.8838635545473927
0172_0.85_0.08.jpg,19.116550361865603,0.8948415923531016
0174_0.95_0.08.jpg,20.550020406319625,0.9027529616140234
0175_0.85_0.16.jpg,22.7928489149506,0.83737487762525
0176_1_0.08.jpg,23.645143743023873,0.8705169955902688
0178_0.8_0.12.jpg,18.166063402341766,0.8872427671391673
0179_0.8_0.2.jpg,20.56209971317628,0.8645882767146
0180_0.85_0.16.jpg,22.118986297784954,0.8915733292376743
0181_0.9_0.08.jpg,20.38592086267105,0.8865183964202364
0182_0.8_0.16.jpg,20.09844521655264,0.8523817674079236
0183_0.8_0.16.jpg,20.54922616332112,0.8702406836019239
0184_0.95_0.12.jpg,21.414438656367444,0.9374452339619385
0185_1_0.16.jpg,29.504927907381422,0.9367082514764241
0187_0.9_0.2.jpg,21.891646149165602,0.8653551619043153
0188_0.85_0.08.jpg,17.51572466334381,0.8331505586863023
0189_0.85_0.2.jpg,20.46045980598082,0.7915294466235029
0191_1_0.08.jpg,24.33878458723933,0.8874533944189742
0194_1_0.2.jpg,17.30554987101465,0.7512080434734711
0195_1_0.08.jpg,21.26974896826265,0.8867987273008394
0196_0.9_0.2.jpg,23.419242518840257,0.8790656300958313
0197_0.8_0.16.jpg,20.42442290561375,0.8603139360208879
0198_0.95_0.12.jpg,23.403996169710734,0.8896910673201726
0199_1_0.16.jpg,21.174663999506112,0.8733022058453206
0200_1_0.12.jpg,22.853718303056574,0.8787971974044549
0201_1_0.08.jpg,25.21567025320511,0.8967628074828266
0202_0.85_0.12.jpg,21.25355225137682,0.8694913617918995
0204_0.8_0.08.jpg,18.528735793854143,0.8914886807457139
0205_1_0.16.jpg,20.06446135954592,0.8732945276096773
0206_1_0.12.jpg,24.186150970793307,0.9282792511903651
0207_1_0.08.jpg,20.676473926515143,0.9100706882951761
0208_0.8_0.16.jpg,19.39902556081742,0.9242775450064102
0209_0.85_0.08.jpg,19.759857592156557,0.8656834670848584
0210_0.85_0.2.jpg,20.745047416336597,0.8740731707884352
0212_0.9_0.2.jpg,22.81759242492605,0.9426586686446771
0213_1_0.2.jpg,17.86564360883426,0.8545853576006809
0215_0.8_0.08.jpg,20.920364659587417,0.7993115246446792
0216_1_0.12.jpg,24.088732076002664,0.9410216429606216
0217_1_0.2.jpg,20.030652928465265,0.8350589273698832
0218_0.9_0.2.jpg,21.37181271494827,0.9020228906220952
0219_0.85_0.08.jpg,18.29445639497614,0.872236521584505
0220_0.85_0.2.jpg,21.668663553651697,0.8428884759769398
0222_0.85_0.16.jpg,21.657264561490727,0.8898890156147758
0223_0.95_0.16.jpg,25.019638843594485,0.9126592918642574
0225_0.8_0.2.jpg,20.434414936463362,0.8118541331735915
0226_0.8_0.2.jpg,18.067261552316086,0.9258505068678637
0228_1_0.2.jpg,17.67485694326053,0.8077319513349338
0230_0.9_0.16.jpg,23.79856847794207,0.942240129630326
0233_0.8_0.12.jpg,20.11803039220655,0.887740206606157
0235_0.9_0.08.jpg,19.411634366800577,0.8418991466162221
0237_0.8_0.12.jpg,19.801881720412116,0.8916825389151829
0238_0.8_0.2.jpg,20.10400903016796,0.8940603986526413
0239_0.8_0.2.jpg,19.521662195634907,0.881273300639045
0240_1_0.08.jpg,22.645971215193107,0.88526811887815
0242_0.8_0.12.jpg,20.038147089089257,0.8951362028775925
0243_0.8_0.08.jpg,18.32731753042163,0.8490426682204855
0244_0.9_0.12.jpg,22.19349865895556,0.8909785603216339
0245_1_0.2.jpg,22.368259530057415,0.8901346444753474
0246_0.85_0.12.jpg,22.538885890618005,0.8904621267594323
0248_0.8_0.08.jpg,21.503316915651993,0.8403394072530553
0249_1_0.12.jpg,21.81899054548044,0.8486751016606869
0251_0.8_0.16.jpg,19.3551778493064,0.8041961165264947
0253_0.8_0.2.jpg,20.147227388284747,0.8429130168337379
0253_1_0.16.jpg,21.924439656346607,0.8780287083876713
0255_0.85_0.08.jpg,21.443131198610743,0.8375463369735652
0256_0.95_0.16.jpg,26.030395561839544,0.9219710225778649
0258_0.8_0.2.jpg,19.34220352970495,0.8516797382906837
0259_0.9_0.08.jpg,23.343967120682194,0.8778786437475429
0260_0.9_0.2.jpg,24.296285260878484,0.9057277983318239
0261_0.85_0.08.jpg,20.226309324736775,0.8292395126767419
0262_0.95_0.12.jpg,26.353420507161157,0.9183381896631951
0263_0.95_0.08.jpg,22.35578737804864,0.8756597806102144
0264_0.95_0.2.jpg,25.389698770640074,0.9364707952666961
0266_0.8_0.12.jpg,18.475882041332667,0.8760183908686541
0267_0.9_0.16.jpg,25.0703116772247,0.9299089261272683
0268_0.9_0.16.jpg,21.591126209716073,0.8745811399919083
0269_0.95_0.2.jpg,26.87019318129299,0.9370978335146117
0270_0.85_0.16.jpg,23.169875656413854,0.8666051097780475
0271_0.85_0.12.jpg,25.7091191254948,0.8973816117345734
0272_0.85_0.08.jpg,18.364775661190325,0.8649728302850416
0273_0.85_0.2.jpg,20.106865438758234,0.9293290810532261
0274_0.95_0.12.jpg,23.81519465286746,0.937499531405952
0275_1_0.16.jpg,20.360334239877005,0.8380054342114261
0276_1_0.12.jpg,27.545801232760958,0.9235680641584184
0277_1_0.08.jpg,24.326647946324734,0.8916684078919782
0279_0.8_0.12.jpg,18.89608723335001,0.9061468721865512
0280_0.9_0.16.jpg,23.256877587600595,0.9245007915628684
0281_0.9_0.12.jpg,21.407723288909615,0.9129188060968261
0282_0.85_0.16.jpg,20.979587333807675,0.9316515577959233
0283_0.85_0.12.jpg,21.22186911943914,0.9040796446126165
0284_0.8_0.16.jpg,20.294731998626098,0.8914731763606766
0285_0.85_0.2.jpg,23.65946628501046,0.837051752215359
0286_0.8_0.08.jpg,16.56209126266081,0.8658230653887088
0287_0.8_0.2.jpg,18.71195144579722,0.825633349556364
0287_0.95_0.08.jpg,23.095291952749125,0.8873250349812466
0288_0.95_0.2.jpg,17.833136338032634,0.8084157544118242
0290_0.85_0.08.jpg,19.524851397133066,0.866219690576589
0291_0.95_0.12.jpg,24.22229758275702,0.9246731285557978
0292_1_0.16.jpg,27.438626424283274,0.9168799491823513
0294_1_0.2.jpg,19.513595643223432,0.8571296929249601
0295_0.85_0.08.jpg,19.060964618024123,0.8580204229806293
0296_0.95_0.12.jpg,23.39750888648823,0.9107740686560843
0297_0.95_0.08.jpg,21.055563626490294,0.8782370686661171
0298_1_0.12.jpg,23.87102069530448,0.9270754385234644
0299_0.9_0.08.jpg,19.44049103557672,0.8578644859343738
0300_1_0.2.jpg,24.36724437176654,0.9294441563297741
0302_0.9_0.16.jpg,21.10591217066256,0.8592133054538502
0303_0.9_0.12.jpg,20.83125680431726,0.9192601948669736
0304_0.9_0.08.jpg,20.61097318116253,0.904327701617492
0305_0.9_0.2.jpg,20.688198722098615,0.8723982337295294
0306_0.8_0.16.jpg,19.142954472872418,0.8882262898902119
0307_0.8_0.12.jpg,19.67831479881363,0.9015709710325761
0308_1_0.16.jpg,23.375641877223913,0.9223016523221276
0309_1_0.08.jpg,21.943488517049992,0.9212088838336475
0311_0.8_0.16.jpg,20.212697999529894,0.8500627955048965
0312_0.8_0.12.jpg,18.070289956143334,0.8936549111641483
0313_0.8_0.2.jpg,20.59220174792809,0.9187863210541215
0314_0.9_0.12.jpg,21.89933203691765,0.8875680678629317
0315_0.85_0.16.jpg,19.495310651773295,0.9215645872346973
0316_0.85_0.12.jpg,20.655280217972468,0.9090666649237026
0317_0.85_0.08.jpg,20.359582388043,0.8228552462180999
0318_0.85_0.2.jpg,21.384835369227467,0.8576605905974599
0319_0.9_0.16.jpg,22.412470943693744,0.8826012127874646
0320_0.9_0.08.jpg,19.942194363212167,0.8570758353882343
0320_1_0.16.jpg,20.114698801634137,0.8175898713355627
0321_1_0.12.jpg,23.009981935858114,0.7787662383762944
0323_0.8_0.16.jpg,20.954502553435045,0.8823608698482773
0324_0.8_0.12.jpg,18.790152929948917,0.910361050509307
0325_0.9_0.16.jpg,21.081434462029875,0.9341910945827951
0326_0.9_0.12.jpg,22.9497417442007,0.9136073757147654
0327_1_0.08.jpg,25.37229142913901,0.9230920674110358
0329_0.8_0.12.jpg,20.31483788450837,0.878096776490417
0330_0.8_0.08.jpg,17.711522425468296,0.8796108352627724
0330_0.95_0.12.jpg,23.31868098719751,0.9269413374900655
0331_0.95_0.12.jpg,23.757582365369025,0.9124361063554066
0332_0.95_0.08.jpg,24.30923902735782,0.9006732423440663
0333_0.95_0.2.jpg,16.537129953363966,0.8083082309745446
0334_1_0.08.jpg,23.692103682771798,0.9023728597389619
0335_1_0.2.jpg,20.735038319326918,0.9057561470211629
0337_0.8_0.08.jpg,16.315428358144608,0.891331393878835
0338_0.9_0.12.jpg,21.287826858924173,0.9314486404798212
0340_0.85_0.08.jpg,17.970576058464843,0.8642492162335875
0341_0.85_0.2.jpg,19.4991400936338,0.8498254029385568
0342_0.95_0.08.jpg,22.549855208178492,0.8989819681087791
0343_0.95_0.2.jpg,20.21714821870472,0.8555111316548532
0344_0.85_0.16.jpg,21.631215695501314,0.9181515980786022
0345_0.85_0.12.jpg,20.146181725737318,0.8636570336394565
0346_0.95_0.16.jpg,22.573893680057317,0.8923094784670692
0348_0.8_0.2.jpg,20.546726678169257,0.8222334508892583
0349_0.9_0.08.jpg,20.497566377901734,0.8877771745057731
0350_0.85_0.12.jpg,22.602880784399318,0.8709423061452067
0351_0.95_0.16.jpg,22.75819800507591,0.9039499170039095
0353_0.9_0.12.jpg,21.463538002155495,0.9091364631364766
0354_0.9_0.08.jpg,20.724174321806295,0.8654627286764939
0355_0.85_0.12.jpg,21.050362022864153,0.925013287922006
0356_0.85_0.08.jpg,20.26720237380221,0.8671472198386683
0357_0.95_0.12.jpg,21.972018568176686,0.8943206599750013
0359_0.85_0.16.jpg,20.74693691539302,0.874226076646864
0361_0.85_0.2.jpg,22.129007210961802,0.8575891604093783
0362_0.95_0.08.jpg,20.98388789149042,0.9096311212331591
0364_0.85_0.12.jpg,20.142085620802234,0.8973655097748964
0366_0.9_0.16.jpg,21.84281728774597,0.913733748623831
0369_0.85_0.2.jpg,21.024048167559933,0.8603206964997456
0371_0.9_0.08.jpg,22.259980446098627,0.872446366422562
0372_0.85_0.12.jpg,23.488694470450156,0.8854639333572486
0375_0.85_0.16.jpg,21.505957548488254,0.8665889866790862
0380_0.85_0.2.jpg,17.33488485575437,0.7465936203290484
0382_0.9_0.08.jpg,21.406208298607893,0.8437441241309162
0383_0.9_0.2.jpg,22.110146042553506,0.8684412617162277
0385_0.8_0.08.jpg,21.607470879947314,0.8051725603626548
0386_1_0.12.jpg,22.135379314961465,0.8933877846408794
0388_0.95_0.16.jpg,24.22846429325576,0.8263891318643161
0390_0.9_0.12.jpg,22.66765202068012,0.8897712378220807
0391_1_0.08.jpg,23.823981707556197,0.9039207333735573
0392_1_0.2.jpg,19.391469442693417,0.9011563263142972
0393_1_0.2.jpg,26.796395013404528,0.9480817193158555
0395_0.95_0.08.jpg,24.598751422252697,0.9385281208008157
0397_0.85_0.12.jpg,19.572312255997275,0.9157173124757526
0399_0.8_0.08.jpg,19.151865902986827,0.8651196469832282
0400_0.9_0.12.jpg,24.5313561264336,0.9199839659641181
0402_0.8_0.16.jpg,20.427363420602454,0.8469051914468041
0404_0.8_0.2.jpg,19.427853888453168,0.8940030495815582
0405_1_0.08.jpg,21.445140646645285,0.9193784966306171
0406_1_0.2.jpg,23.52621645683328,0.9415880205571346
0407_0.95_0.16.jpg,25.25536276111665,0.904396696512625
0409_1_0.12.jpg,23.82437668084171,0.9316061860237155
0411_0.95_0.16.jpg,23.071012358883433,0.912413833943608
0413_0.95_0.2.jpg,21.475247661996967,0.878228917849269
1001_0.8_0.16.jpg,21.885913879081997,0.8756949021881778
1002_1_0.16.jpg,24.987711815111126,0.9215919413412461
1005_0.8_0.12.jpg,19.295098192244634,0.9068889503462844
1006_1_0.16.jpg,28.97119029956531,0.9363821056365119
1007_0.95_0.08.jpg,25.230619939844342,0.9025279185247005
1008_0.9_0.12.jpg,25.341787980392926,0.8851789811102903
1009_0.85_0.12.jpg,22.633854168331776,0.9024483570448413
1010_0.85_0.08.jpg,21.787020940979524,0.8777207433321371
1011_0.95_0.12.jpg,23.96869801655538,0.8683538235862054
1012_0.95_0.08.jpg,23.403957711329323,0.8975978931703681
1015_0.8_0.12.jpg,19.446894531812685,0.867439505842618
1016_0.9_0.16.jpg,24.506118762698378,0.905850107459618
1018_0.85_0.12.jpg,19.865401342751262,0.9139373715761936
1020_0.95_0.08.jpg,18.351516194601825,0.9207643028656741
1022_0.85_0.12.jpg,21.683663077919558,0.9200006703593693
1027_0.8_0.08.jpg,20.694870115074306,0.84702049030247
1030_0.95_0.12.jpg,23.58184241068959,0.900648904175115
1034_0.9_0.16.jpg,23.616411871106248,0.9210764398083809
1037_0.8_0.12.jpg,17.665439392209475,0.9052141560046838
1038_1_0.16.jpg,26.426783260839102,0.9466239551816384
1040_1_0.2.jpg,21.3814515937472,0.9091160010272326
1042_0.95_0.08.jpg,22.414911774840867,0.8935740228186019
1044_0.85_0.12.jpg,23.40690117085991,0.9177747376221997
1046_0.9_0.16.jpg,21.401068335444194,0.8246566178558185
1048_0.9_0.2.jpg,19.063848722190905,0.7981165649301946
1050_0.8_0.08.jpg,20.661494939217704,0.8234775879743984
1051_1_0.12.jpg,26.646745530547058,0.9029180559708112
1053_0.95_0.16.jpg,24.119094260327397,0.9209934741463784
1055_0.95_0.2.jpg,23.720173608516898,0.9013581658952615
1057_0.95_0.16.jpg,24.209066592210675,0.9164113867295596
1059_0.95_0.2.jpg,19.347446905684468,0.8499755097743882
1060_0.85_0.16.jpg,22.397395129652086,0.9033261624722889
1063_0.9_0.12.jpg,22.870372212851038,0.9000482983346161
1400_1.png,20.23772276074419,0.8718926181599521
1400_2.png,19.04247505730134,0.8563426645042295
1400_3.png,17.847372014033102,0.8406506178265317
1400_4.png,16.726716274082047,0.824945668094109
1400_5.png,15.70475744917184,0.8092885886804605
1400_6.png,14.788127903119534,0.7937164342276346
1400_7.png,13.966271515916882,0.7784012700577234
1400_8.png,13.228377286851208,0.7633195915296241
1400_9.png,12.565396156312001,0.7481980151731996
1401_1.png,21.48394553054291,0.8621493392384839
1401_10.png,15.688212165198323,0.7678571227713556
1401_2.png,21.200680538024812,0.8513846934294672
1401_3.png,20.672052421040114,0.840666349523801
1401_4.png,19.991323995152012,0.8301811223613805
1401_5.png,19.236910536719723,0.8197109707505864
1401_6.png,18.4650338263531,0.80925039684494
1401_7.png,17.71263909395424,0.798892664303691
1401_8.png,16.994022604159973,0.7884849815549968
1401_9.png,16.31911011323142,0.7781650098051688
1402_1.png,24.18716993016764,0.8536190456479663
1402_10.png,15.791167054643607,0.6958213827505503
1402_2.png,23.87486287636312,0.8428862524946156
1402_3.png,22.998913627194007,0.827883609432322
1402_4.png,21.85126086186135,0.810285030641511
1402_5.png,20.645839220989583,0.7914211965757302
1402_6.png,19.4928861227025,0.7717799645258151
1402_7.png,18.429442408244455,0.7521680581042771
1402_8.png,17.46070624911004,0.732932708669543
1402_9.png,16.585093844955235,0.7140933698676482
1403_1.png,22.416231482201532,0.7958231892234702
1403_10.png,12.079288097304051,0.5947802095023554
1403_2.png,21.36007319533961,0.7755059102083991
1403_3.png,19.90746905603698,0.7531581694717407
1403_4.png,18.415823726489457,0.7297519684677448
1403_5.png,17.032452515649524,0.705985122796419
1403_6.png,15.793061081880637,0.6825041216320232
1403_7.png,14.696946163778,0.6594865035589725
1403_8.png,13.72183464136697,0.6371108070971058
1403_9.png,12.856307774066785,0.6155178492752765
1404_1.png,24.078977812184057,0.9340274208715359
1404_10.png,15.550993305767452,0.8061078057129327
1404_2.png,23.911011774592797,0.92941144586576
1404_3.png,23.055636795442265,0.9198405838531465
1404_4.png,21.853374348917953,0.9071818301869121
1404_5.png,20.580562201593725,0.8923746096399786
1404_6.png,19.366422113032296,0.8762743159529919
1404_7.png,18.257390697102284,0.859344591168233
1404_8.png,17.256700674749602,0.8417960216635442
1404_9.png,16.358349053935445,0.8239943685546912
1405_1.png,24.39087363174655,0.9380639857791849
1405_10.png,14.525995704554745,0.8034318412471019
1405_2.png,23.476591648917466,0.932064864560559
1405_3.png,22.088827006819976,0.9215064525537984
1405_4.png,20.63903061335441,0.9079158858190465
1405_5.png,19.291122691062316,0.8923765749366063
1405_6.png,18.08864370489687,0.8755182366974807
1405_7.png,17.03024417645251,0.8578943706442251
1405_8.png,16.09298054197589,0.8397514337653851
1405_9.png,15.265279854628096,0.8216250500226397
1406_1.png,22.195775284905874,0.8927526581216757
1406_10.png,17.084863168781016,0.8499957995546282
1406_2.png,22.551762520226784,0.9008953887247998
1406_3.png,22.449410467109978,0.9040906318301122
1406_4.png,21.95081454356499,0.9032004800351334
1406_5.png,21.197744092899914,0.8991291714232178
1406_6.png,20.334946318849312,0.892356266786518
1406_7.png,19.4549086516902,0.8836225033064199
1406_8.png,18.6089183015037,0.8734223730428496
1406_9.png,17.817347171338763,0.8621972675043331
1407_1.png,22.052625474106364,0.9270350626010299
1407_10.png,16.867986959572637,0.878053388991067
1407_2.png,22.763087440896793,0.9306738452844269
1407_3.png,22.919070420725856,0.9307888513270206
1407_4.png,22.50269957691058,0.928061226835395
1407_5.png,21.67772181553804,0.9231746164718743
1407_6.png,20.673003712066922,0.9164191345503713
1407_7.png,19.63019888566992,0.9083108440239828
1407_8.png,18.633435235136783,0.8990544083843018
1407_9.png,17.70999178308172,0.8889105210196506
1408_1.png,20.91682782494018,0.9144648402871479
1408_10.png,17.022362762043603,0.8894291035045665
1408_2.png,21.423695114795073,0.9215010477029887
1408_3.png,21.565597018068885,0.9252179585504959
1408_4.png,21.33336308715197,0.9260294492896218
1408_5.png,20.804445282345366,0.9244704581993232
1408_6.png,20.097956702240673,0.9206071222731532
1408_7.png,19.311053443318794,0.9149357031444606
1408_8.png,18.517987563471902,0.9076610277399703
1408_9.png,17.746313898238704,0.8991207624954551
1409_1.png,23.078346219263786,0.9027286481926509
1409_10.png,16.727797116250965,0.8607517163420687
1409_2.png,23.2175403282578,0.908623165617175
1409_3.png,22.786756390506945,0.9106524168623341
1409_4.png,21.98786882601469,0.9095598492823819
1409_5.png,21.020501022853875,0.9057636402098508
1409_6.png,20.03190982382488,0.8996856020588323
1409_7.png,19.091428898221494,0.8919608814148144
1409_8.png,18.22399709524656,0.8827240072840347
1409_9.png,17.438065893467968,0.8721169928953859
1410_1.png,19.837531019557826,0.9010185805712547
1410_10.png,16.81720323429304,0.8859954126670712
1410_2.png,20.41553168313438,0.9095865188560524
1410_3.png,20.693263780318873,0.9141585635705685
1410_4.png,20.631840448331104,0.9156676035952565
1410_5.png,20.26909750118467,0.9146680360948519
1410_6.png,19.689640109225074,0.9116574352649073
1410_7.png,18.996637409472307,0.9069239959454783
1410_8.png,18.258554823993197,0.900972132302624
1410_9.png,17.524850233968714,0.8939630984511462
1411_1.png,24.529279588259847,0.8785326973500753
1411_10.png,12.06302656254694,0.7028104518801138
1411_2.png,22.281024976970095,0.8579034293654071
1411_3.png,20.184599790429264,0.8369318515347967
1411_4.png,18.40582972005503,0.8163010136711417
1411_5.png,16.906675435146642,0.7960100998879632
1411_6.png,15.6404436883905,0.7763449403101923
1411_7.png,14.55475857960531,0.757107870782431
1411_8.png,13.612279627832685,0.7384174872462398
1411_9.png,12.789631515724384,0.7203968690833603
1412_1.png,21.03762379761416,0.8934755114919642
1412_10.png,14.730734157097354,0.7904308345181752
1412_2.png,21.16472221971092,0.8890985576645288
1412_3.png,20.794310218928523,0.8811192265454834
1412_4.png,20.046864832812695,0.8707356692907092
1412_5.png,19.11427283818863,0.8588407250163984
1412_6.png,18.135575653575472,0.8459703897663079
1412_7.png,17.182996774747966,0.8324653779180756
1412_8.png,16.29328037905835,0.8185500194119556
1412_9.png,15.474812968340396,0.8045731938940418
1413_1.png,22.853992773125785,0.8963625829707613
1413_10.png,9.984471673841062,0.6600331566950803
1413_2.png,20.037480617829097,0.8723093549669022
1413_3.png,17.753048393391712,0.8459601111045908
1413_4.png,15.939311345142924,0.8186820889603919
1413_5.png,14.47194869497736,0.7908935221780239
1413_6.png,13.260684671896216,0.763324109115947
1413_7.png,12.244635797812055,0.7364058660815651
1413_8.png,11.379367209373122,0.7101409528030073
1413_9.png,10.633754750354916,0.6846481795321738
1414_1.png,24.560220568740444,0.9011058346152782
1414_10.png,12.06359589261443,0.7197093391286643
1414_2.png,22.590732072950285,0.8870155749256764
1414_3.png,20.486879472890912,0.8699739907172418
1414_4.png,18.63605797436958,0.8508885222154579
1414_5.png,17.067979381951066,0.8302680243384515
1414_6.png,15.746813519074859,0.8087513832961516
1414_7.png,14.619666826731068,0.7867834225183422
1414_8.png,13.647144330031855,0.7643841063300943
1414_9.png,12.803802007102998,0.7420300525815767
1415_1.png,23.380672837238837,0.9116463817236768
1415_10.png,15.529044809366175,0.8100784967528796
1415_2.png,24.388003939934222,0.9158118639025897
1415_3.png,24.25836149545383,0.9133092179650895
1415_4.png,23.129503259545526,0.9056362642630317
1415_5.png,21.619766708435847,0.8941714061925577
1415_6.png,20.107668667818466,0.8798944061651257
1415_7.png,18.737732636150316,0.8638782547223546
1415_8.png,17.526620024057188,0.8464761612187107
1415_9.png,16.464650054446142,0.8286350747042158
1416_1.png,18.281901462563393,0.9147719226656811
1416_10.png,16.90938462410158,0.8828605671200522
1416_2.png,18.626916075518558,0.9152029353909779
1416_3.png,18.83222310264833,0.913665038361013
1416_4.png,18.880213003376024,0.9110444383757242
1416_5.png,18.773693287906553,0.9075766303345797
1416_6.png,18.541721222557822,0.9033969617748263
1416_7.png,18.20676768698916,0.8987057488833633
1416_8.png,17.80554262265944,0.8937221957076406
1416_9.png,17.365708640709357,0.8884158747387616
1417_1.png,24.45654612741929,0.938611751758307
1417_10.png,14.316597150290448,0.7857273289963951
1417_2.png,23.897395630728404,0.9344289558868527
1417_3.png,22.493098444089362,0.924564022217825
1417_4.png,20.900196791661564,0.9104137134565103
1417_5.png,19.406738388654034,0.8931920912876965
1417_6.png,18.09236486825006,0.8738209780329163
1417_7.png,16.948541254688053,0.8529984070868641
1417_8.png,15.953899007979693,0.8311179019586019
1417_9.png,15.082283557715616,0.8083963795484522
1418_1.png,24.052092114486776,0.918696253996373
1418_10.png,15.283716872512088,0.799129392522307
1418_2.png,23.894148168846566,0.9143527809770076
1418_3.png,22.96537032185771,0.9060407078047387
1418_4.png,21.680700785111444,0.8948610809467338
1418_5.png,20.34837692247105,0.8816095339655611
1418_6.png,19.098807941048783,0.8668226075200414
1418_7.png,17.973796399688233,0.8509474325413233
1418_8.png,16.9707139780058,0.8341971797021669
1418_9.png,16.080367570583626,0.8168932757722004
1419_1.png,22.030074298528426,0.9158790297575686
1419_10.png,15.07080139956349,0.806372481530008
1419_2.png,22.036178674043867,0.913169614846141
1419_3.png,21.478364993734218,0.9062623620205829
1419_4.png,20.575789836672584,0.8962427686159694
1419_5.png,19.536283857643994,0.8840954209111164
1419_6.png,18.497804805689356,0.8702522325828727
1419_7.png,17.518428345236174,0.8552127189535611
1419_8.png,16.62057336659603,0.8394169592725257
1419_9.png,15.807084687902451,0.8231004233747989
1420_1.png,22.544364889080843,0.882813917656895
1420_10.png,10.43264274808379,0.6521490778329132
1420_2.png,20.138441839074712,0.8596290554271845
1420_3.png,18.056923066537788,0.8346660957178035
1420_4.png,16.34396177228325,0.8087966526214511
1420_5.png,14.923575543271516,0.782499941496856
1420_6.png,13.732007825702226,0.7561259644104356
1420_7.png,12.720675107042734,0.7296831435953042
1420_8.png,11.849751680137377,0.7034289190761444
1420_9.png,11.093799304752325,0.6776768899270978
1421_1.png,21.00500537445054,0.8892925358887646
1421_10.png,16.877174457287676,0.7940822824280919
1421_2.png,21.710372876281568,0.8865469250373614
1421_3.png,22.03397614043631,0.8801774120562235
1421_4.png,21.892917991798036,0.8710916127956244
1421_5.png,21.344396554947437,0.8602090862622097
1421_6.png,20.53276317258326,0.8481737503093343
1421_7.png,19.605923040691508,0.8352433163246998
1421_8.png,18.654696236077733,0.821903990134229
1421_9.png,17.738860148045372,0.8079634039061577
1422_1.png,22.48089566028525,0.799199915898241
1422_10.png,13.73130649315886,0.6398451377125761
1422_2.png,22.072510610579737,0.7811616759240351
1422_3.png,21.094849427754742,0.7625315243664602
1422_4.png,19.869179612608697,0.743868907086242
1422_5.png,18.617366551186883,0.7253744190425242
1422_6.png,17.436476697390365,0.7072391740224183
1422_7.png,16.36189088049726,0.6895168630109856
1422_8.png,15.391054617808983,0.6723691702279427
1422_9.png,14.517903347069787,0.6558327556054102
1423_1.png,21.05160218126599,0.7625050132930774
1423_10.png,10.898014016581147,0.5681493411274533
1423_2.png,19.624550472113278,0.7398244065037712
1423_3.png,18.083186282949278,0.7162046801979359
1423_4.png,16.645773392464356,0.6928836720013188
1423_5.png,15.358286283841743,0.6698329307880396
1423_6.png,14.22838527336184,0.6475835818656924
1423_7.png,13.234986877429176,0.6262448412253871
1423_8.png,12.361100250765968,0.6057753768808896
1423_9.png,11.587163379419414,0.5863894102143091
1424_1.png,22.13182398157066,0.8752618043371975
1424_10.png,13.733734682685295,0.7307562456257108
1424_2.png,21.756479605901703,0.8638765979038258
1424_3.png,20.821777271882233,0.8555434109034993
1424_4.png,19.620370539608633,0.8395613520450422
1424_5.png,18.401871455410742,0.8223855835468837
1424_6.png,17.261077964188775,0.8042974974665231
1424_7.png,16.228224374487596,0.7859353391216829
1424_8.png,15.302974656042137,0.76743267104733
1424_9.png,14.475397398420075,0.749037235276334
1425_1.png,21.10527337789849,0.8377478309327285
1425_10.png,10.329271743726167,0.6244429425895892
1425_2.png,19.316548363509185,0.8117140899565757
1425_3.png,17.587632077722873,0.785362730733417
1425_4.png,16.05924300368769,0.7596752717237975
1425_5.png,14.736991208728051,0.7349516790045086
1425_6.png,13.599446612222863,0.71107436528128
1425_7.png,12.611587165333102,0.6881753773444311
1425_8.png,11.751401525538066,0.6661265285464019
1425_9.png,10.99627561028968,0.6448758886436218
1426_1.png,20.953253383206352,0.8088876341102426
1426_10.png,13.089354099939817,0.6612666827021431
1426_2.png,20.57943230097022,0.7948876998816302
1426_3.png,19.76335874993576,0.7790901904886605
1426_4.png,18.718124546029355,0.7622461777934983
1426_5.png,17.61822546789917,0.7451167504300947
1426_6.png,16.554424854546635,0.7278375941017098
1426_7.png,15.565422485588309,0.7107691683816201
1426_8.png,14.658717974211013,0.6939367218270229
1426_9.png,13.83547209209885,0.6774555361852134
1427_1.png,18.771576294863262,0.8427155694071159
1427_10.png,18.728782589691246,0.7784803343889827
1427_2.png,19.29691045021729,0.8417185621061951
1427_3.png,19.73559492296365,0.8376282988556998
1427_4.png,20.040891736483676,0.8314599929186035
1427_5.png,20.19234866366397,0.824198534810276
1427_6.png,20.17249084221905,0.8159669354477783
1427_7.png,19.98480982138972,0.807084350257052
1427_8.png,19.660076450403764,0.7977797145645723
1427_9.png,19.22921198384343,0.7882453345715138
1428_1.png,20.46531447218383,0.8188132095856292
1428_10.png,13.370239395334425,0.7097941279751847
1428_2.png,20.193883453399458,0.8093576955757342
1428_3.png,19.52770638738699,0.7982667676620921
1428_4.png,18.629958247345005,0.7862972457091777
1428_5.png,17.64715546942658,0.7739430482721303
1428_6.png,16.66882454276939,0.7613442507093047
1428_7.png,15.739453366459948,0.7485328284611406
1428_8.png,14.876975264366312,0.7356634336273352
1428_9.png,14.08882745099595,0.7227557424491341
1429_1.png,20.08679416556175,0.766929757075661
1429_10.png,10.213914047739046,0.5632071728548407
1429_2.png,18.580173936068732,0.7395391757644307
1429_3.png,17.068275659151404,0.7131590292133202
1429_4.png,15.682450628522817,0.6882490940863571
1429_5.png,14.453773584854561,0.6647001751671834
1429_6.png,13.3776039275833,0.6423584682883338
1429_7.png,12.432698533986708,0.6211403965778332
1429_8.png,11.602132970972539,0.6009467512483807
1429_9.png,10.867591010807025,0.5816378632921788
1430_1.png,24.16459648586374,0.7158339652220933
1430_10.png,13.120676720675856,0.5173492776076488
1430_2.png,23.414433796565937,0.6925350311265062
1430_3.png,21.91677605956987,0.6688572168173977
1430_4.png,20.247150972909942,0.6450264436826684
1430_5.png,18.679921296759257,0.6217795833643626
1430_6.png,17.273961733011692,0.598954241626727
1430_7.png,16.037282245324313,0.5771459037727857
1430_8.png,14.948110681067666,0.5561083617101593
1430_9.png,13.982275151757701,0.5362840505764516
1431_1.png,24.073743649593887,0.8281402062795628
1431_10.png,12.817834619042321,0.616551068380033
1431_2.png,22.682031360497387,0.8061138752452632
1431_3.png,20.983891087094577,0.781083029611897
1431_4.png,19.34886967771821,0.7553848478127273
1431_5.png,17.88141700936063,0.7299087553976933
1431_6.png,16.59408711889403,0.7051320523906757
1431_7.png,15.467967237839744,0.6815443801500277
1431_8.png,14.475966777106786,0.658929283500422
1431_9.png,13.600012701395949,0.6372358733230087
1432_1.png,22.274230403980656,0.7913430288486385
1432_10.png,17.989541016976457,0.7171898278248164
1432_2.png,22.91716877821708,0.7981656483130352
1432_3.png,23.181846713961434,0.798217133495161
1432_4.png,22.994374372736,0.7931576169196118
1432_5.png,22.424204818850026,0.7854577030765345
1432_6.png,21.60946739422226,0.774630006369975
1432_7.png,20.689285576682085,0.7617422116669929
1432_8.png,19.749680338374706,0.7480035672359758
1432_9.png,18.84231792955436,0.7330722849556786
1433_1.png,23.236523642272708,0.832835655069213
1433_10.png,16.269169338299566,0.7120981076621015
1433_2.png,23.764011948197442,0.8323816919710686
1433_3.png,23.568444272917468,0.8254299583283754
1433_4.png,22.757713364101892,0.8142470658315459
1433_5.png,21.62307698202745,0.8001652851346686
1433_6.png,20.40434639810374,0.7839837193136586
1433_7.png,19.231492942354052,0.7668775053739142
1433_8.png,18.1439968384629,0.7488677964066802
1433_9.png,17.161373599794697,0.730579575643333
1434_1.png,21.905467186516432,0.9233428477795803
1434_10.png,13.970709766451964,0.7997380649442328
1434_2.png,21.478531535846198,0.9156361032879553
1434_3.png,20.579060002483352,0.9050304961881682
1434_4.png,19.481394109811767,0.892371267897108
1434_5.png,18.363221399084736,0.8782023873378441
1434_6.png,17.30421613899794,0.8632035111761732
1434_7.png,16.338177823883026,0.8476529858903098
1434_8.png,15.464277392527396,0.8315665229406249
1434_9.png,14.679214717967458,0.8157670031844231
1435_1.png,22.467560276914583,0.9037677895404261
1435_10.png,12.540558742612172,0.7532953307446348
1435_2.png,20.79107199247244,0.8878210198762382
1435_3.png,19.22928674104955,0.8708734730335705
1435_4.png,17.85254158311911,0.8539726334037415
1435_5.png,16.652496382270755,0.8369038461018884
1435_6.png,15.609233862987008,0.8198203917571592
1435_7.png,14.694431527857523,0.8028488343927188
1435_8.png,13.888621739421502,0.7859368172023706
1435_9.png,13.175360917773101,0.7694322097961704
1436_1.png,23.00918396316817,0.9342821086623913
1436_10.png,17.10753101954063,0.8684138450150808
1436_2.png,22.765724121138426,0.929231857369294
1436_3.png,22.223023360421173,0.9231671795994667
1436_4.png,21.506468836620293,0.9164152332639818
1436_5.png,20.715477414251872,0.9092051621266277
1436_6.png,19.916906704736903,0.9015947482285229
1436_7.png,19.142729293043757,0.893632885587062
1436_8.png,18.41254486244567,0.8853839667847674
1436_9.png,17.736527643655776,0.8769806413932674
1437_1.png,23.860377082009524,0.8991059923361582
1437_10.png,11.948787133012884,0.6993250963104817
1437_2.png,22.520093632883412,0.8842204711418219
1437_3.png,20.610975058063744,0.8646338558708763
1437_4.png,18.774775882843905,0.842408259496406
1437_5.png,17.17012211243209,0.8186846895413558
1437_6.png,15.797523109895923,0.7942900827473668
1437_7.png,14.622350114921206,0.769827949846127
1437_8.png,13.607642038115813,0.7457476050754748
1437_9.png,12.724106878923248,0.722158629996299
1438_1.png,22.47104424800133,0.8464544658198264
1438_10.png,16.02642162601894,0.7549200593966994
1438_2.png,22.397011950145064,0.839884198492526
1438_3.png,21.951584260293142,0.831017196429957
1438_4.png,21.225577605911916,0.8208675160686715
1438_5.png,20.34576424069797,0.8101336243852651
1438_6.png,19.412523592275292,0.7989365181141196
1438_7.png,18.490921404328436,0.7876259721601473
1438_8.png,17.613023923969394,0.7764557566130937
1438_9.png,16.79087822993734,0.7655071609994458
1439_1.png,20.02647235076893,0.8997119974571355
1439_10.png,17.01903125296259,0.8783369388098063
1439_2.png,20.649612896939967,0.90597936316451
1439_3.png,20.972061954774027,0.9090991300608051
1439_4.png,20.94339391482555,0.9095784621071017
1439_5.png,20.58958690792788,0.9079096291549672
1439_6.png,19.999245851007117,0.9045242150161785
1439_7.png,19.28346589416136,0.8996047706338867
1439_8.png,18.515559805479356,0.8935046667444496
1439_9.png,17.758927409338643,0.8863498113308971
1440_1.png,24.35087577273302,0.9198916557440818
1440_10.png,10.633909507743518,0.7167227724981634
1440_2.png,21.324156148533486,0.9018101446644362
1440_3.png,18.846138310166328,0.8798628383575258
1440_4.png,16.89351522544583,0.8560122610417321
1440_5.png,15.331635054041257,0.8314483072362769
1440_6.png,14.054260046408602,0.807196798437455
1440_7.png,12.988180073213407,0.7832337808065947
1440_8.png,12.087143733562884,0.7601468231562049
1440_9.png,11.308434516063471,0.7380856971490498
1441_1.png,21.46786302264481,0.8595743071066212
1441_10.png,17.202177447770282,0.7957671138715967
1441_2.png,21.971062094795805,0.8591656232406888
1441_3.png,22.11622390318686,0.855793821688541
1441_4.png,21.88380803692775,0.8505129351647068
1441_5.png,21.32897650614452,0.8434553571438723
1441_6.png,20.572315559197808,0.8352136699700466
1441_7.png,19.722871894964097,0.826169821106474
1441_8.png,18.85041792029629,0.8163367324991864
1441_9.png,18.004845370012518,0.8062506002501033
1442_1.png,21.591624933518943,0.8490224292594818
1442_10.png,11.93242043776145,0.6650732242226614
1442_2.png,20.442597427795867,0.82877183779653
1442_3.png,19.041648020475296,0.8074473457379274
1442_4.png,17.66252195651419,0.7859063912251069
1442_5.png,16.397841443560417,0.7646421440456711
1442_6.png,15.274141901416819,0.7436644026826101
1442_7.png,14.27975928286907,0.7231861926555632
1442_8.png,13.402580314998486,0.7031440665824862
1442_9.png,12.627018771428348,0.6839507458627687
1443_1.png,22.268907207782043,0.8905574628095025
1443_10.png,17.368946812827176,0.8010702729386887
1443_2.png,23.052488224496024,0.8881698155477803
1443_3.png,23.31632920848576,0.8821523015258054
1443_4.png,22.995687669337862,0.873664949946891
1443_5.png,22.23638014985142,0.863446287722435
1443_6.png,21.248656969778267,0.851972072788557
1443_7.png,20.202546364588585,0.8398239806601927
1443_8.png,19.186351988679352,0.8271503166107351
1443_9.png,18.23861830128253,0.8141391112905451
1444_1.png,23.47597952286504,0.7968950904750253
1444_10.png,11.730441667185831,0.5506759147810959
1444_2.png,21.71599663951727,0.7689911979711463
1444_3.png,19.853581105298176,0.7392087065782186
1444_4.png,18.162683750530007,0.708969975381288
1444_5.png,16.69352152038983,0.6795966911981024
1444_6.png,15.420337641299524,0.6510361680308828
1444_7.png,14.316245341757343,0.6238783976674119
1444_8.png,13.346680822530503,0.598166467999524
1444_9.png,12.49168903795718,0.5738093195190032
1445_1.png,21.210141167745093,0.8604337129560724
1445_10.png,15.374115648133229,0.7775401202275711
1445_2.png,21.395050037660198,0.8641275479473577
1445_3.png,21.118781240514867,0.8621478696883846
1445_4.png,20.48289689622226,0.8560484351437564
1445_5.png,19.638966360563362,0.846915329053637
1445_6.png,18.719897650318607,0.8355476008802462
1445_7.png,17.805458817656113,0.8224811760941679
1445_8.png,16.933550579119142,0.8083826409596874
1445_9.png,16.12195547728122,0.7932868337351889
1446_1.png,22.56050416653279,0.8749831394118561
1446_10.png,13.93432201804189,0.7255081326546312
1446_2.png,22.114099243867532,0.8680178520637866
1446_3.png,21.114462532957305,0.8561895800301724
1446_4.png,19.889185562335026,0.84103890720829
1446_5.png,18.657868367944893,0.8237431138889747
1446_6.png,17.505182097038062,0.805246835167015
1446_7.png,16.46283261004858,0.7858445034239416
1446_8.png,15.524983111436532,0.7658804368074232
1446_9.png,14.687344063421857,0.745769499459845
1447_1.png,23.5532421466495,0.8592182341844071
1447_10.png,15.003808792223888,0.7372092480901428
1447_2.png,23.34076503431609,0.8642866691301762
1447_3.png,22.42690214784346,0.8607577865453632
1447_4.png,21.191859362437864,0.8511985354279724
1447_5.png,19.913446963123025,0.8371779579008898
1447_6.png,18.71035562803675,0.8201327541246365
1447_7.png,17.62178042534527,0.8010166359318603
1447_8.png,16.64944175326258,0.7804303975650075
1447_9.png,15.780199930674737,0.7589275482973736
1448_1.png,23.03768492876143,0.8644069859130653
1448_10.png,15.50757258604057,0.7923291544379544
1448_2.png,23.02599250880123,0.8742705239821396
1448_3.png,22.384999161483464,0.8767565740595306
1448_4.png,21.37310612692172,0.8736741727590308
1448_5.png,20.236984051797666,0.8659767356704958
1448_6.png,19.118638175684318,0.8552697740220818
1448_7.png,18.078252311552937,0.8417275557983555
1448_8.png,17.131363339852467,0.826366138799882
1448_9.png,16.27659975368219,0.8097301832621735
1449_1.png,23.553852170951313,0.876068826536735
1449_10.png,14.673625087475887,0.7618915028921771
1449_2.png,23.233035525907134,0.8795133012534828
1449_3.png,22.21963761999437,0.8762815079274425
1449_4.png,20.919296959488825,0.8678648903253654
1449_5.png,19.60636357004791,0.8554964709725299
1449_6.png,18.38561284772181,0.8399986745149413
1449_7.png,17.29160323401784,0.8224497588078473
1449_8.png,16.31602959574765,0.8033336595930871
1449_9.png,15.448937969093171,0.7829500545941532
1709_0.95_0.08.jpg,21.958755918946817,0.8851809658627648
1712_0.8_0.08.jpg,19.652794662943208,0.8935049272464758
1713_1_0.08.jpg,21.770955259105516,0.9038967906728015
1714_1_0.2.jpg,17.14247543780482,0.7619822204641719
1716_0.95_0.12.jpg,25.465205206697917,0.8596978877600238
1718_0.9_0.2.jpg,20.328485719094182,0.892105104298465
1722_0.95_0.16.jpg,27.138620055815025,0.8592212182167938
1724_0.95_0.2.jpg,21.394432883790113,0.8783315908147853
1726_0.85_0.12.jpg,20.53053054048099,0.914494530964079
1728_0.9_0.12.jpg,22.964263796100223,0.9168453103085161
1730_0.85_0.08.jpg,19.823858784435334,0.8862451843960436
1731_0.85_0.2.jpg,20.835321068601186,0.8336782843257673
1732_0.95_0.2.jpg,17.513256312020115,0.8021794175999659
1734_1_0.08.jpg,22.73838093782043,0.9109440703928683
1736_0.8_0.08.jpg,18.31541434217287,0.8711750804621227
1738_1_0.2.jpg,20.180843044309313,0.877576685420922
1741_0.85_0.16.jpg,20.59098859520745,0.8584134785004841
1742_0.85_0.12.jpg,19.73574720252746,0.8744691932614087
1743_0.85_0.08.jpg,19.321662445706334,0.8609744986879445
1744_0.85_0.08.jpg,19.702455002495938,0.8054185297206758
1747_0.8_0.16.jpg,18.164735389780123,0.8621308138397276
1749_0.8_0.2.jpg,20.582863521851017,0.8048145325906512
1753_0.9_0.08.jpg,22.28817256453786,0.9014592926937938
1756_0.9_0.12.jpg,22.736332491282404,0.8893998305039884
1757_0.85_0.16.jpg,20.634875083316786,0.9007844804623272
1759_0.8_0.12.jpg,20.749598847808166,0.8347017304616053
1760_1_0.16.jpg,26.7448626126304,0.9294507423898145
1765_0.85_0.12.jpg,20.140241700020702,0.9236613536731654
1771_1_0.08.jpg,23.288157210747027,0.9162826515528195
1774_0.95_0.2.jpg,21.66979633806507,0.8969821036681003
1778_0.9_0.08.jpg,20.130372651298913,0.9062819072024751
1781_0.8_0.2.jpg,19.23265670288956,0.8896892463834897
1784_0.8_0.08.jpg,18.357825215396872,0.8945503229410315
1790_1_0.16.jpg,21.343332204024055,0.7847978574641044
1800_1_0.16.jpg,23.921159397420126,0.9222050650219301
1805_0.85_0.12.jpg,20.285747082057046,0.9209412970459372
1812_1_0.16.jpg,16.169811677965352,0.7661042830667331
1815_1_0.2.jpg,19.486430711782006,0.8403793332586093
1818_0.85_0.12.jpg,20.556986440531546,0.8910110614457816
1821_0.8_0.08.jpg,18.06189044491122,0.8796853009662485
1822_1_0.08.jpg,23.028944170605698,0.9058248636364884
1824_0.95_0.08.jpg,22.34911249995095,0.8684959498765356
1826_0.9_0.08.jpg,18.368296437092017,0.8687119089737855
1828_0.85_0.08.jpg,20.165749971024425,0.9202838961684793
1831_0.8_0.16.jpg,19.13792176443264,0.8816200847860268
1832_0.95_0.08.jpg,24.26668264628265,0.8302038306929135
1834_1_0.08.jpg,21.38533595891112,0.9125871158290052
1837_0.9_0.08.jpg,22.762641015635946,0.8782528984889506
1839_0.8_0.12.jpg,18.674763304802454,0.8635300836050863
1840_0.85_0.08.jpg,18.663298719740492,0.8836701065811133
1843_0.8_0.12.jpg,20.375485121747296,0.8363600985545753
1845_0.9_0.08.jpg,19.722470758511264,0.8762448619259943
1846_0.9_0.08.jpg,21.409730798076005,0.8674142499368367
1848_0.8_0.12.jpg,19.08676684602877,0.8715028573311013
1849_1_0.12.jpg,27.270584477652783,0.9051696532980373
1851_0.85_0.08.jpg,20.221734918261376,0.8309127232593153
1852_0.85_0.08.jpg,22.581689233479402,0.8379764758353794
1853_0.85_0.08.jpg,17.996348782142515,0.9128182259560264
1855_0.9_0.08.jpg,19.765433926117687,0.9047878824962795
1857_0.8_0.12.jpg,19.63840317213884,0.8514393645881647
1858_0.95_0.08.jpg,21.723601818174597,0.8865485514532998
1859_0.85_0.16.jpg,20.310029259605066,0.9342707536049085
1861_0.85_0.2.jpg,20.892853968873712,0.862775489956998
1862_0.8_0.12.jpg,18.87070381641008,0.8315390911694386
1863_1_0.08.jpg,20.129840245688055,0.8735779742257498
1865_0.85_0.08.jpg,18.372494653469353,0.8902130714238293
1867_0.8_0.2.jpg,17.700703740654287,0.8447781588019496
1868_1_0.08.jpg,24.293127360861817,0.8809053114703271
1869_1_0.2.jpg,19.764282905077994,0.9310615413397788
1871_0.95_0.08.jpg,20.915765607839457,0.8575971774424437
1872_0.95_0.08.jpg,22.36413704112618,0.9025430207964753
1873_0.85_0.16.jpg,20.689767666367167,0.8839352072718983
1874_0.85_0.12.jpg,21.46398730899182,0.8687739174818483
1875_0.85_0.08.jpg,20.77412936774076,0.8639808358838952
1876_1_0.16.jpg,25.681921536452798,0.8962765940525047
1877_0.9_0.12.jpg,23.67350211087233,0.8682200533101917
1878_0.9_0.12.jpg,21.69266613246327,0.9208730388159506
1879_0.9_0.08.jpg,19.943070298786825,0.8741517616652966
1880_0.9_0.08.jpg,21.736162047187875,0.9102430905379771
1881_0.8_0.16.jpg,20.17209320732373,0.8863880384337163
1882_0.85_0.2.jpg,20.87027537405783,0.8874182471402543
1883_0.8_0.12.jpg,19.15928159558432,0.8971836456766366
1887_0.95_0.08.jpg,24.606420644023224,0.8782124250480078
1889_0.85_0.08.jpg,22.218750164512237,0.8515305515736525
1891_0.9_0.16.jpg,23.963827465568816,0.9040032418447335
1893_0.9_0.2.jpg,20.85167660959717,0.7757044944787479
1896_0.9_0.08.jpg,20.83301673800468,0.854630044367501
1898_0.85_0.08.jpg,20.246211982963906,0.8845181262674554
1899_0.8_0.08.jpg,18.885698686544565,0.8559877661193017
1900_0.8_0.08.jpg,20.677405262147126,0.831839920168597
1903_0.95_0.08.jpg,21.46677726842025,0.8951619080168226
1909_0.85_0.2.jpg,20.538944775312675,0.8503087373034587
1913_0.95_0.08.jpg,22.181944807266287,0.9178398037357395
1915_1_0.08.jpg,20.027131972998173,0.897650103109838
1917_0.95_0.2.jpg,21.559107724338528,0.820746547433766
1919_1_0.08.jpg,20.17580057685086,0.8902998341449028
1920_0.95_0.16.jpg,23.933258737539482,0.9393388441665236
1921_0.95_0.08.jpg,20.022501114693384,0.8898022339650445
1923_0.9_0.08.jpg,19.355831180387742,0.9041282936851793
1924_0.85_0.12.jpg,21.96290880251141,0.9037076986386202
1926_0.9_0.16.jpg,24.08493158399991,0.9331841660728702
1927_0.9_0.08.jpg,20.561834637247696,0.8715695517319414
1928_0.9_0.08.jpg,18.80839675663553,0.884762968597443
1930_0.8_0.08.jpg,18.22915073232441,0.9128517534038599
1931_0.8_0.08.jpg,17.64254364542303,0.880624018931424
1932_0.8_0.2.jpg,18.328109437359373,0.8848735323911135
1933_0.8_0.2.jpg,18.78842102604078,0.8856756755762559
1934_1_0.08.jpg,22.16391981469444,0.892328787335008
1936_0.95_0.08.jpg,20.352867666373655,0.8652733674551017
1938_0.85_0.12.jpg,18.929465449130124,0.9294839494205451
1940_0.9_0.16.jpg,23.705774902970056,0.9327579888727465
1942_0.85_0.08.jpg,17.58600266038105,0.8460220769326688
1944_0.9_0.16.jpg,21.998221007258376,0.9185730315246067
1945_0.9_0.12.jpg,20.888433661121173,0.9228664437026417
1947_0.8_0.16.jpg,18.53763014491089,0.90517369489151
1949_0.8_0.2.jpg,18.808908729507337,0.9234186675453501
1950_1_0.08.jpg,22.92452035357707,0.8736431017340237
1953_0.8_0.2.jpg,19.697020328948486,0.8801472288523119
1954_1_0.08.jpg,21.838501270654778,0.9031055986616168
1956_0.8_0.12.jpg,18.90266150721404,0.8788764776045657
1958_0.9_0.08.jpg,18.479937551510485,0.9228889877691441
1960_0.85_0.2.jpg,23.36086565729105,0.8806247852194189
1962_0.9_0.08.jpg,21.992306169920504,0.9047509921597315
1964_0.85_0.2.jpg,23.887222252781925,0.9091396744571235
1966_0.9_0.08.jpg,19.068730779337166,0.8607815047028077
1968_0.8_0.12.jpg,19.053211144960077,0.8865788202321369
1970_0.9_0.08.jpg,23.01651646495206,0.8830835220062877
1971_1_0.08.jpg,23.204166430802747,0.9186397520598198
1973_0.95_0.08.jpg,22.039711627310652,0.9044537159817728
1975_0.85_0.12.jpg,23.602194024376033,0.8852144488211081
1977_0.8_0.08.jpg,18.260196937122576,0.8651489834115994
1981_0.8_0.2.jpg,18.45248476855922,0.9036915391677539
1982_1_0.08.jpg,24.596520438922184,0.9186539624980835
1984_0.85_0.08.jpg,19.88569815970321,0.8732328185269612
1986_0.9_0.08.jpg,21.708723743454485,0.8788386781046921
1988_0.8_0.12.jpg,20.090005184080944,0.8759982370401221
